Customer_ID,Customer_Name,Gender,Email,Phone,City,State,Signup_Date
CUST_2001,Diya Sharma,Male,diya.sharma49@gmail.com,8028439772,Kanpur,Uttar Pradesh,30-01-2023
CUST_2002,Sneha Kulkarni,Male,sneha.kulkarni72@gmail.com,7297265389,BENGALURU,Karnataka,15-05-2024
CUST_2003,Gaurav Pillai,Male,,9041322179,Ahmedabad,Gujarat,29-04-2024
CUST_2004,Ishita Kumar,Female,ishita.kumar87@gmail.com,8817363524,Visakhapatnam,Andhra Pradesh,05-08-2024
CUST_2005,Vikram Pillai,Male,vikram.pillai49@gmail.com,8713658783,Coimbatore,Tamil Nadu,12-10-2023
CUST_2006,Suresh Das,Female,suresh.das67@gmail.com,7519708988,Visakhapatnam,Andhra Pradesh,05-07-2023
CUST_2007,Sneha Gupta,Female,,9379074728,Mumbai,Maharashtra,28-04-2023
CUST_2008,Rajesh Joshi,Male,rajesh.joshi90@gmail.com,7252860805,Bengaluru,Karnataka,28-04-2023
CUST_2009,Rohan Verma,Female,rohan.verma75@gmail.com,8022222034,Bengaluru,Karnataka,23-05-2023
CUST_2010,divya bhat,Male,divya.bhat26@gmail.com,9452611327,Pimpri-Chinchwad,Maharashtra,23-10-2023
CUST_2011,Diya Joshi,Female,diya.joshi34@gmail.com,7405126137,Indore,Madhya Pradesh,19-02-2023
CUST_2012,Divya Shah,Female,divya.shah62@gmail.com,9005855576,INDORE,Madhya Pradesh,18-03-2024
CUST_2013,RIYA VERMA,Male,riya.verma61@gmail.com,8457293484,Delhi,Delhi,14-02-2024
CUST_2014,Shreya Patel,Male,shreya.patel34@gmail.com,9303329673,Kolkata,West Bengal,18-08-2023
CUST_2015,Rahul Shah,Male,rahul.shah69@gmail.com,8072910436,Pune,Maharashtra,23-03-2024
CUST_2016,Tanvi Gupta,Female,tanvi.gupta22@gmail.com,7217275133,Pimpri-Chinchwad,Maharashtra,30-11-2023
CUST_2017,Ishita Sharma,Male,ishita.sharma31@gmail.com,8745535007,Surat,Gujarat,09-06-2023
CUST_2018,diya rao,Female,diya.rao31@gmail.com,8627677064,Delhi,Delhi,01-02-2023
CUST_2019,Siddharth Nair,Female,siddharth.nair64@gmail.com,9991837629,Jaipur,Rajasthan,05-05-2024
CUST_2020,Riya Pillai,Female,riya.pillai34@gmail.com,8274350327,Ahmedabad,Gujarat,22-04-2023
CUST_2021,Ananya Kulkarni,Male,ananya.kulkarni50@gmail.com,7245522896,Guwahati,Assam,26-01-2023
CUST_2022,Rajesh Bhat,Male,rajesh.bhat75@gmail.com,7344076024,Delhi,Delhi,03-11-2024
CUST_2023,Pooja Gupta,Male,pooja.gupta40@gmail.com,8734202708,Chandigarh,Punjab,03-03-2023
CUST_2024,Kunal Kulkarni,Male,kunal.kulkarni86@gmail.com,7170689059,Patna,Bihar,14-11-2023
CUST_2025,Rohan Shah,Female,rohan.shah36@gmail.com,9876451072,PUNE,Maharashtra,01-02-2024
CUST_2026,Karan Joshi,Female,karan.joshi26@gmail.com,9884887457,Nagpur,Maharashtra,27-11-2023
CUST_2027,Neha Agarwal,Female,neha.agarwal11@gmail.com,8968321228,Bengaluru,Karnataka,15-11-2023
CUST_2028,Rajesh Patel,Male,rajesh.patel37@gmail.com,9172758129,Pimpri-Chinchwad,Maharashtra,16-05-2023
CUST_2029,Rahul Das,Male,rahul.das57@gmail.com,8224011447,Surat,Gujarat,22-03-2023
CUST_2030,Arjun Pillai,Female,arjun.pillai93@gmail.com,9271782900,Vadodara,Gujarat,01-05-2023
CUST_2031,Divya Pillai,Female,,7576775860,Chandigarh,Punjab,16-05-2023
CUST_2032,Priya Patel,Male,priya.patel46@gmail.com,9597724240,Pune,Maharashtra,18-04-2023
CUST_2033,Varun Chowdhury,Male,varun.chowdhury91@gmail.com,8133802123,Chandigarh,Punjab,16-09-2023
CUST_2034,Diya Nair,Male,diya.nair91@gmail.com,8819243992,Bengaluru,Karnataka,29-02-2024
CUST_2035,Amit Verma,Male,amit.verma26@gmail.com,9736381017,LUCKNOW,Uttar Pradesh,15-05-2023
CUST_2036,Pooja Agarwal,Female,pooja.agarwal11@gmail.com,7480494573,Pimpri-Chinchwad,Maharashtra,02-08-2023
CUST_2037,Kunal Singh,Male,kunal.singh84@gmail.com,9373077127,KANPUR,Uttar Pradesh,17-03-2023
CUST_2038,Simran Singh,Male,simran.singh56@gmail.com,7171347084,Jaipur,Rajasthan,04-05-2024
CUST_2039,Kavya Rao,Male,kavya.rao23@gmail.com,8519038063,Chandigarh,Punjab,02-04-2024
CUST_2040,Ishita Shah,Male,ishita.shah30@gmail.com,7760434037,Surat,Gujarat,27-03-2024
CUST_2041,Simran Sharma,Male,simran.sharma52@gmail.com,8768294479,Guwahati,Assam,15-02-2024
CUST_2042,Divya Joshi,Female,divya.joshi99@gmail.com,7464267084,Chennai,Tamil Nadu,15-07-2023
CUST_2043,Shreya Verma,Female,shreya.verma35@gmail.com,8976987257,Surat,Gujarat,29-06-2023
CUST_2044,Neha Joshi,Male,neha.joshi94@gmail.com,7829486044,Mumbai,Maharashtra,24-07-2023
CUST_2045,Karan Nair,Male,karan.nair54@gmail.com,9755143002,Pune,Maharashtra,18-09-2023
CUST_2046,Siddharth Pillai,Female,siddharth.pillai24@gmail.com,8121910641,Mumbai,Maharashtra,04-02-2023
CUST_2047,Rajesh Nair,Male,rajesh.nair86@gmail.com,8866437041,Hyderabad,Telangana,26-06-2023
CUST_2048,Riya Chowdhury,Female,riya.chowdhury75@gmail.com,7496694782,Vadodara,Gujarat,17-07-2023
CUST_2049,Kunal Kulkarni,Male,kunal.kulkarni15@gmail.com,8872852698,Pune,Maharashtra,01-01-2023
CUST_2050,Aditya Pillai,Male,aditya.pillai65@gmail.com,7300535119,kanpur,Uttar Pradesh,30-04-2024
CUST_2051,  Divya Chowdhury   ,Female,divya.chowdhury25@gmail.com,8289874229,Chandigarh,Punjab,17-09-2023
CUST_2052,Neha Shah,Female,neha.shah99@gmail.com,8269829317,Nagpur,Maharashtra,10-11-2023
CUST_2053,Rahul Rao,Female,rahul.rao58@gmail.com,9909058321,Chandigarh,Punjab,19-01-2024
CUST_2054,Kunal Kumar,Female,kunal.kumar80@gmail.com,7001743408,Nagpur,Maharashtra,06-05-2023
CUST_2055,Neha Rao,Female,neha.rao87@gmail.com,9811939151,Patna,Bihar,14-06-2023
CUST_2056,Arjun Agarwal,Female,arjun.agarwal37@gmail.com,9195475507,Chandigarh,Punjab,31-08-2023
CUST_2057,Nisha Kumar,Male,,9851230427,Jaipur,Rajasthan,21-11-2023
CUST_2058,Meera Chowdhury,Male,meera.chowdhury96@gmail.com,8333241354,Surat,Gujarat,26-04-2023
CUST_2059,Nisha Rao,Male,nisha.rao15@gmail.com,8051590615,Mumbai,Maharashtra,09-01-2023
CUST_2060,MEERA GUPTA,Female,meera.gupta90@gmail.com,9472487599,Indore,Madhya Pradesh,04-10-2023
CUST_2061,  Varun Mehta   ,Female,varun.mehta41@gmail.com,7633813993,Nagpur,Maharashtra,12-02-2023
CUST_2062,Varun Sharma,Male,varun.sharma38@gmail.com,7755427444,Indore,Madhya Pradesh,16-02-2024
CUST_2063,  Varun Deshmukh   ,Female,varun.deshmukh81@gmail.com,8070298347,Delhi,Delhi,14-04-2024
CUST_2064,Shreya Patel,Female,shreya.patel69@gmail.com,9867224422,Ahmedabad,Gujarat,29-09-2023
CUST_2065,Ishita Mishra,Female,ishita.mishra88@gmail.com,9168005608,Thane,Maharashtra,08-07-2023
CUST_2066,Manoj Pillai,Female,manoj.pillai70@gmail.com,8933034814,CHENNAI,Tamil Nadu,13-05-2023
CUST_2067,Gaurav Joshi,Female,gaurav.joshi72@gmail.com,9691863950,Visakhapatnam,Andhra Pradesh,05-03-2023
CUST_2068,Amit Agarwal,Male,amit.agarwal46@gmail.com,8007142169,Coimbatore,Tamil Nadu,20-05-2023
CUST_2069,KARAN CHOWDHURY,Male,karan.chowdhury29@gmail.com,7993260413,Ahmedabad,Gujarat,16-07-2023
CUST_2070,Varun Singh,Male,varun.singh63@gmail.com,8750625887,Bengaluru,Karnataka,19-06-2023
CUST_2071,Ishita Agarwal,Female,ishita.agarwal36@gmail.com,8804502596,Delhi,Delhi,19-07-2023
CUST_2072,kunal kulkarni,Male,,9048612267,Patna,Bihar,01-04-2023
CUST_2073,  Kavya Reddy   ,Female,kavya.reddy78@gmail.com,9345620294,Indore,Madhya Pradesh,14-02-2024
CUST_2074,Meera Joshi,Female,meera.joshi44@gmail.com,8871901187,Surat,Gujarat,09-06-2023
CUST_2075,Aarav Mehta,Female,aarav.mehta96@gmail.com,8736526788,Chandigarh,Punjab,06-01-2024
CUST_2076,Pooja Agarwal,Male,,7115819934,Vadodara,Gujarat,04-09-2024
CUST_2077,Siddharth Kulkarni,Male,siddharth.kulkarni92@gmail.com,8840877735,Bengaluru,Karnataka,03-11-2023
CUST_2078,Shreya Agarwal,Male,,8628238616,Delhi,Delhi,17-06-2023
CUST_2079,Vikram Agarwal,Female,,8195102973,Lucknow,Uttar Pradesh,21-01-2024
CUST_2080,manoj shah,Female,manoj.shah70@gmail.com,7083250475,Bengaluru,Karnataka,19-01-2024
CUST_2081,Ishita Verma,Female,ishita.verma93@gmail.com,7294713565,Surat,Gujarat,02-04-2024
CUST_2082,Suresh Verma,Male,suresh.verma35@gmail.com,7087531419,Surat,Gujarat,15-11-2023
CUST_2083,Rahul Joshi,Male,rahul.joshi95@gmail.com,7491298838,Bhopal,Madhya Pradesh,16-10-2023
CUST_2084,  Vikram Agarwal   ,Female,vikram.agarwal31@gmail.com,9602289210,Kanpur,Uttar Pradesh,11-07-2023
CUST_2085,RIYA PATEL,Male,riya.patel23@gmail.com,9485431930,Jaipur,Rajasthan,14-01-2023
CUST_2086,Tanvi Reddy,Female,tanvi.reddy35@gmail.com,7326402283,Nagpur,Maharashtra,31-10-2023
CUST_2087,Varun Joshi,Male,varun.joshi48@gmail.com,9938870105,Coimbatore,Tamil Nadu,11-04-2023
CUST_2088,Nisha Patel,Male,nisha.patel78@gmail.com,8839869453,Kanpur,Uttar Pradesh,12-05-2023
CUST_2089,  Kavya Gupta   ,Female,kavya.gupta63@gmail.com,9105400210,Mumbai,Maharashtra,24-02-2023
CUST_2090,Simran Das,Female,simran.das29@gmail.com,8870402959,coimbatore,Tamil Nadu,04-01-2023
CUST_2091,Riya Deshmukh,Female,riya.deshmukh78@gmail.com,9076605892,Vadodara,Gujarat,27-08-2023
CUST_2092,Simran Kulkarni,Female,simran.kulkarni41@gmail.com,7372214217,Lucknow,Uttar Pradesh,23-05-2023
CUST_2093,Kunal Agarwal,Male,kunal.agarwal82@gmail.com,9621354618,Thane,Maharashtra,12-09-2023
CUST_2094,Siddharth Chowdhury,Male,siddharth.chowdhury51@gmail.com,7780996140,Bhopal,Madhya Pradesh,09-07-2023
CUST_2095,Vikram Das,Female,vikram.das45@gmail.com,9560466159,Lucknow,Uttar Pradesh,26-12-2023
CUST_2096,kunal nair,Male,kunal.nair34@gmail.com,7367704780,Visakhapatnam,Andhra Pradesh,05-04-2023
CUST_2097,Riya Shah,Female,riya.shah40@gmail.com,9966144452,Pimpri-Chinchwad,Maharashtra,09-01-2023
CUST_2098,Suresh Bhat,Female,suresh.bhat21@gmail.com,8263732106,Mumbai,Maharashtra,24-04-2023
CUST_2099,Siddharth Joshi,Female,siddharth.joshi84@gmail.com,8584930684,Chandigarh,Punjab,31-08-2023
CUST_2100,ISHITA DESHMUKH,Female,ishita.deshmukh80@gmail.com,8420737728,Indore,Madhya Pradesh,30-06-2023
CUST_2101,Varun Agarwal,Female,varun.agarwal42@gmail.com,7990153264,  Jaipur   ,Rajasthan,03-03-2023
CUST_2102,Riya Rao,Female,riya.rao78@gmail.com,9964229805,Hyderabad,Telangana,05-04-2023
CUST_2103,Vikram Rao,Female,vikram.rao85@gmail.com,9253298104,Pune,Maharashtra,11-02-2023
CUST_2104,Neha Patel,Male,neha.patel39@gmail.com,8549972295,Jaipur,Rajasthan,04-02-2023
CUST_2105,Neha Sharma,Male,neha.sharma15@gmail.com,7234187371,Pune,Maharashtra,10-11-2023
CUST_2106,Neha Singh,Female,neha.singh11@gmail.com,9465586976,Hyderabad,Telangana,26-05-2023
CUST_2107,Diya Bhat,Female,diya.bhat33@gmail.com,7220661246,Lucknow,Uttar Pradesh,05-10-2023
CUST_2108,Shreya Bhat,Male,shreya.bhat61@gmail.com,9112035318,Bengaluru,Karnataka,02-07-2023
CUST_2109,Rajesh Verma,Male,rajesh.verma82@gmail.com,8304963523,Ahmedabad,Gujarat,13-02-2023
CUST_2110,Sneha Patel,Female,sneha.patel86@gmail.com,9656086503,VADODARA,Gujarat,26-04-2023
CUST_2111,Gaurav Deshmukh,Female,gaurav.deshmukh66@gmail.com,8277121872,Thane,Maharashtra,16-03-2024
CUST_2112,Rajesh Shah,Female,rajesh.shah89@gmail.com,7258687093,Patna,Bihar,11-09-2023
CUST_2113,Riya Patel,Male,riya.patel37@gmail.com,8136646358,Kochi,Kerala,12-05-2023
CUST_2114,Rohan Kumar,Male,rohan.kumar80@gmail.com,7322401091,Chennai,Tamil Nadu,22-03-2023
CUST_2115,Aarav Shah,Female,aarav.shah86@gmail.com,9018258638,Coimbatore,Tamil Nadu,30-05-2023
CUST_2116,Ananya Joshi,Female,,8950049607,Coimbatore,Tamil Nadu,06-02-2023
CUST_2117,Divya Joshi,Female,divya.joshi85@gmail.com,9839759429,Kochi,Kerala,16-02-2024
CUST_2118,Tanvi Rao,Female,tanvi.rao79@gmail.com,7965549131,Hyderabad,Telangana,28-11-2023
CUST_2119,Rahul Nair,Male,,7712632845,Bengaluru,Karnataka,02-10-2024
CUST_2120,  Neha Mishra   ,Female,neha.mishra25@gmail.com,9013042344,Thane,Maharashtra,19-12-2023
CUST_2121,Neha Mehta,Female,neha.mehta79@gmail.com,9120834226,Visakhapatnam,Andhra Pradesh,13-08-2023
CUST_2122,Rohan Mishra,Male,rohan.mishra51@gmail.com,9592930273,Indore,Madhya Pradesh,05-09-2023
CUST_2123,Aarav Gupta,Male,aarav.gupta83@gmail.com,9521673700,Chandigarh,Punjab,05-01-2024
CUST_2124,Aarav Nair,Male,aarav.nair70@gmail.com,9228932623,Chennai,Tamil Nadu,30-11-2023
CUST_2125,arjun nair,Male,,9726379497,Patna,Bihar,21-02-2024
CUST_2126,Diya Gupta,Female,diya.gupta62@gmail.com,8431548579,Kanpur,Uttar Pradesh,14-06-2023
CUST_2127,Divya Patel,Male,divya.patel62@gmail.com,9979305648,Lucknow,Uttar Pradesh,09-11-2023
CUST_2128,Neha Mehta,Male,neha.mehta21@gmail.com,8350840807,Thane,Maharashtra,05-10-2023
CUST_2129,Karan Patel,Female,karan.patel10@gmail.com,9824629743,Visakhapatnam,Andhra Pradesh,21-03-2024
CUST_2130,Ishita Agarwal,Female,ishita.agarwal34@gmail.com,9226680160,Delhi,Delhi,05-07-2023
CUST_2131,Meera Bhat,Female,meera.bhat36@gmail.com,8146997725,Delhi,Delhi,10-09-2023
CUST_2132,RAHUL REDDY,Female,rahul.reddy72@gmail.com,7521520987,Coimbatore,Tamil Nadu,15-01-2023
CUST_2133,Suresh Mishra,Male,suresh.mishra30@gmail.com,8334661597,Coimbatore,Tamil Nadu,10-10-2023
CUST_2134,Aarav Pillai,Female,,7487311714,Bengaluru,Karnataka,25-08-2023
CUST_2135,Priya Singh,Female,priya.singh47@gmail.com,9185588569,Coimbatore,Tamil Nadu,28-12-2023
CUST_2136,Amit Shah,Female,,8961882858,Bhopal,Madhya Pradesh,10-10-2023
CUST_2137,Rahul Mehta,Male,rahul.mehta75@gmail.com,7586298775,Vadodara,Gujarat,18-03-2024
CUST_2138,Rohan Nair,Female,rohan.nair74@gmail.com,8147497744,Lucknow,Uttar Pradesh,25-02-2024
CUST_2139,Aarav Reddy,Female,,9834423862,Patna,Bihar,08-09-2023
CUST_2140,Shreya Singh,Female,shreya.singh71@gmail.com,8482295967,Pimpri-Chinchwad,Maharashtra,20-06-2023
CUST_2141,Ishita Pillai,Female,ishita.pillai51@gmail.com,7810255669,Thane,Maharashtra,24-12-2023
CUST_2142,Sneha Kulkarni,Female,sneha.kulkarni62@gmail.com,7187463631,Surat,Gujarat,06-12-2023
CUST_2143,Riya Bhat,Female,riya.bhat94@gmail.com,9800400195,Nagpur,Maharashtra,19-03-2023
CUST_2144,diya verma,Male,diya.verma85@gmail.com,8425906296,Visakhapatnam,Andhra Pradesh,21-03-2024
CUST_2145,Priya Agarwal,Male,priya.agarwal68@gmail.com,7065917341,Visakhapatnam,Andhra Pradesh,01-05-2024
CUST_2146,rahul shah,Male,rahul.shah70@gmail.com,8138264085,Bengaluru,Karnataka,23-06-2023
CUST_2147,Meera Mehta,Male,,9291890298,Lucknow,Uttar Pradesh,14-07-2023
CUST_2148,Karan Bhat,Male,karan.bhat18@gmail.com,8008330434,Vadodara,Gujarat,20-11-2023
CUST_2149,DIVYA REDDY,Male,divya.reddy21@gmail.com,8863893165,Guwahati,Assam,15-05-2024
CUST_2150,Priya Patel,Female,priya.patel98@gmail.com,8286196908,Chennai,Tamil Nadu,04-07-2024
CUST_2151,Aarav Verma,Female,aarav.verma47@gmail.com,8539588246,Delhi,Delhi,07-11-2023
CUST_2152,Simran Singh,Male,simran.singh62@gmail.com,9430642432,Visakhapatnam,Andhra Pradesh,16-12-2023
CUST_2153,Nisha Kumar,Male,nisha.kumar20@gmail.com,9617747190,Chennai,Tamil Nadu,21-03-2024
CUST_2154,Siddharth Mishra,Male,siddharth.mishra84@gmail.com,7614685847,Bhopal,Madhya Pradesh,29-04-2023
CUST_2155,Arjun Nair,Female,arjun.nair95@gmail.com,7040361560,Pune,Maharashtra,04-05-2024
CUST_2156,  Nisha Agarwal   ,Female,nisha.agarwal79@gmail.com,7678500056,  Chandigarh   ,Punjab,02-07-2023
CUST_2157,Arjun Das,Female,,9964873876,Kochi,Kerala,05-09-2023
CUST_2158,Arjun Reddy,Male,arjun.reddy71@gmail.com,7458072227,Nagpur,Maharashtra,05-02-2023
CUST_2159,Siddharth Kulkarni,Female,siddharth.kulkarni47@gmail.com,8268006357,Patna,Bihar,01-12-2023
CUST_2160,Manoj Mehta,Female,manoj.mehta82@gmail.com,9945486305,Mumbai,Maharashtra,02-03-2024
CUST_2161,Riya Verma,Female,riya.verma39@gmail.com,9607324205,Jaipur,Rajasthan,15-02-2024
CUST_2162,Kavya Joshi,Male,kavya.joshi42@gmail.com,9910976098,Vadodara,Gujarat,22-01-2024
CUST_2163,RIYA SINGH,Male,riya.singh92@gmail.com,7169318595,Kochi,Kerala,06-08-2023
CUST_2164,Nisha Agarwal,Male,nisha.agarwal56@gmail.com,7564409332,Patna,Bihar,16-02-2023
CUST_2165,Tanvi Reddy,Female,tanvi.reddy63@gmail.com,7754368282,Guwahati,Assam,13-04-2023
CUST_2166,Rahul Pillai,Female,rahul.pillai74@gmail.com,8170495971,Visakhapatnam,Andhra Pradesh,03-01-2024
CUST_2167,Pooja Nair,Female,pooja.nair53@gmail.com,7494650040,Jaipur,Rajasthan,28-08-2023
CUST_2168,Rohan Singh,Male,,8706869271,Chandigarh,Punjab,05-10-2024
CUST_2169,Shreya Pillai,Female,shreya.pillai60@gmail.com,7059780098,Bengaluru,Karnataka,16-05-2023
CUST_2170,Ishita Patel,Female,ishita.patel96@gmail.com,9887681661,Kanpur,Uttar Pradesh,15-05-2023
CUST_2171,  Rajesh Mehta   ,Female,,8004257347,Hyderabad,Telangana,30-08-2023
CUST_2172,aarav mishra,Female,aarav.mishra38@gmail.com,9781645724,Vadodara,Gujarat,02-02-2023
CUST_2173,Suresh Agarwal,Female,suresh.agarwal62@gmail.com,7501119246,Kochi,Kerala,13-03-2023
CUST_2174,Ananya Verma,Female,ananya.verma24@gmail.com,7417436374,Bhopal,Madhya Pradesh,05-01-2023
CUST_2175,Kunal Pillai,Male,kunal.pillai68@gmail.com,8593482240,Nagpur,Maharashtra,12-10-2023
CUST_2176,Riya Pillai,Female,riya.pillai29@gmail.com,8781915390,PATNA,Bihar,12-02-2023
CUST_2177,Priya Bhat,Female,priya.bhat14@gmail.com,9964732788,Pune,Maharashtra,07-09-2023
CUST_2178,Vikram Agarwal,Female,vikram.agarwal56@gmail.com,7426724767,Surat,Gujarat,18-12-2023
CUST_2179,Kavya Pillai,Female,kavya.pillai60@gmail.com,8184901696,Delhi,Delhi,04-08-2023
CUST_2180,Priya Agarwal,Male,priya.agarwal37@gmail.com,9756099607,chandigarh,Punjab,24-11-2023
CUST_2181,Meera Sharma,Male,meera.sharma41@gmail.com,7540838858,Lucknow,Uttar Pradesh,02-07-2024
CUST_2182,Rajesh Rao,Male,rajesh.rao36@gmail.com,9518496095,pimpri-chinchwad,Maharashtra,21-04-2023
CUST_2183,Manoj Joshi,Female,manoj.joshi86@gmail.com,7012178504,Ahmedabad,Gujarat,22-05-2023
CUST_2184,Shreya Singh,Male,shreya.singh42@gmail.com,7749459340,Pimpri-Chinchwad,Maharashtra,26-02-2023
CUST_2185,Divya Sharma,Male,divya.sharma55@gmail.com,8021908364,mumbai,Maharashtra,29-10-2023
CUST_2186,Karan Sharma,Male,karan.sharma16@gmail.com,7544423698,Pune,Maharashtra,15-01-2024
CUST_2187,Simran Deshmukh,Male,simran.deshmukh18@gmail.com,9045460749,Guwahati,Assam,18-08-2023
CUST_2188,Gaurav Das,Male,gaurav.das74@gmail.com,7951548844,Thane,Maharashtra,29-04-2024
CUST_2189,Meera Verma,Female,,7133790890,Thane,Maharashtra,02-01-2023
CUST_2190,Diya Mehta,Female,diya.mehta23@gmail.com,9105688585,Chandigarh,Punjab,31-12-2023
CUST_2191,Tanvi Agarwal,Male,tanvi.agarwal51@gmail.com,9612617466,Bengaluru,Karnataka,17-03-2023
CUST_2192,Rohan Singh,Female,rohan.singh91@gmail.com,9514122086,Vadodara,Gujarat,10-08-2023
CUST_2193,Varun Chowdhury,Female,varun.chowdhury77@gmail.com,8266576097,Vadodara,Gujarat,21-08-2023
CUST_2194,Aditya Mishra,Female,aditya.mishra99@gmail.com,7491404582,Hyderabad,Telangana,03-12-2024
CUST_2195,SURESH PILLAI,Male,,7981372345,Indore,Madhya Pradesh,31-07-2023
CUST_2196,Karan Agarwal,Female,karan.agarwal22@gmail.com,8342384858,Indore,Madhya Pradesh,08-07-2023
CUST_2197,Karan Nair,Female,karan.nair97@gmail.com,9036964983,Ahmedabad,Gujarat,02-04-2023
CUST_2198,Rohan Gupta,Male,rohan.gupta22@gmail.com,8600505971,Indore,Madhya Pradesh,20-02-2024
CUST_2199,Rahul Pillai,Male,rahul.pillai81@gmail.com,9412411663,Patna,Bihar,18-06-2023
CUST_2200,Divya Patel,Female,divya.patel95@gmail.com,8816499867,Kanpur,Uttar Pradesh,20-03-2024
CUST_2201,Tanvi Verma,Female,tanvi.verma49@gmail.com,8510308790,Vadodara,Gujarat,23-02-2023
CUST_2202,Rajesh Deshmukh,Male,rajesh.deshmukh94@gmail.com,9070987613,ahmedabad,Gujarat,25-04-2023
CUST_2203,SHREYA PATEL,Female,shreya.patel57@gmail.com,7493428575,Pimpri-Chinchwad,Maharashtra,26-01-2024
CUST_2204,Amit Kulkarni,Male,amit.kulkarni81@gmail.com,9670283312,  Indore   ,Madhya Pradesh,11-11-2023
CUST_2205,  Divya Pillai   ,Male,divya.pillai94@gmail.com,9978435979,Vadodara,Gujarat,17-05-2023
CUST_2206,Aarav Kumar,Female,aarav.kumar49@gmail.com,8459535710,Coimbatore,Tamil Nadu,29-06-2023
CUST_2207,Aarav Kumar,Male,aarav.kumar94@gmail.com,8721355582,Patna,Bihar,02-05-2023
CUST_2208,Rahul Sharma,Male,rahul.sharma77@gmail.com,7923988598,Guwahati,Assam,07-12-2023
CUST_2209,Simran Agarwal,Female,simran.agarwal57@gmail.com,8338472205,Chennai,Tamil Nadu,01-05-2024
CUST_2210,Karan Kulkarni,Male,karan.kulkarni29@gmail.com,7676070263,Delhi,Delhi,22-01-2024
CUST_2211,Meera Verma,Male,meera.verma66@gmail.com,9843004958,Pune,Maharashtra,08-06-2023
CUST_2212,Diya Mishra,Female,diya.mishra44@gmail.com,7925861567,Indore,Madhya Pradesh,22-01-2024
CUST_2213,Aditya Patel,Female,aditya.patel24@gmail.com,8216534241,Indore,Madhya Pradesh,14-12-2023
CUST_2214,Divya Kulkarni,Female,divya.kulkarni95@gmail.com,8324651110,Visakhapatnam,Andhra Pradesh,24-01-2023
CUST_2215,Sneha Mehta,Male,sneha.mehta36@gmail.com,8294586192,Mumbai,Maharashtra,29-04-2024
CUST_2216,Vikram Singh,Female,vikram.singh51@gmail.com,7515328763,Jaipur,Rajasthan,01-04-2023
CUST_2217,DIYA SHAH,Male,,9287423676,Ahmedabad,Gujarat,27-12-2023
CUST_2218,Sneha Deshmukh,Female,,7181686741,Bengaluru,Karnataka,08-12-2023
CUST_2219,Aarav Agarwal,Male,aarav.agarwal83@gmail.com,8843761879,Lucknow,Uttar Pradesh,21-10-2023
CUST_2220,Siddharth Shah,Female,siddharth.shah61@gmail.com,7089578127,hyderabad,Telangana,05-09-2024
CUST_2221,Karan Kumar,Female,karan.kumar56@gmail.com,7378514871,Coimbatore,Tamil Nadu,08-12-2023
CUST_2222,  Shreya Patel   ,Male,shreya.patel85@gmail.com,8719918764,Indore,Madhya Pradesh,26-09-2023
CUST_2223,Rohan Mehta,Female,rohan.mehta53@gmail.com,7951644659,Guwahati,Assam,20-06-2023
CUST_2224,Gaurav Kumar,Male,gaurav.kumar91@gmail.com,7489740597,Visakhapatnam,Andhra Pradesh,29-09-2023
CUST_2225,Aditya Rao,Female,aditya.rao92@gmail.com,7634322918,Kanpur,Uttar Pradesh,05-01-2023
CUST_2226,priya singh,Female,priya.singh32@gmail.com,9587283857,  Kolkata   ,West Bengal,20-03-2023
CUST_2227,Gaurav Gupta,Male,gaurav.gupta73@gmail.com,8992663169,Kochi,Kerala,22-01-2024
CUST_2228,Rajesh Kulkarni,Female,rajesh.kulkarni82@gmail.com,9761628798,Chandigarh,Punjab,22-11-2023
CUST_2229,Meera Chowdhury,Female,meera.chowdhury66@gmail.com,7293287168,Ahmedabad,Gujarat,29-08-2023
CUST_2230,arjun reddy,Female,arjun.reddy17@gmail.com,8511580232,Patna,Bihar,17-09-2023
CUST_2231,Rohan Reddy,Female,rohan.reddy14@gmail.com,7244340827,Thane,Maharashtra,07-08-2023
CUST_2232,Manoj Reddy,Male,manoj.reddy21@gmail.com,9641440809,Kochi,Kerala,11-01-2023
CUST_2233,Aditya Mehta,Female,,7176191121,Patna,Bihar,19-08-2023
CUST_2234,Tanvi Kulkarni,Male,tanvi.kulkarni87@gmail.com,9042811017,Lucknow,Uttar Pradesh,14-09-2023
CUST_2235,Rahul Verma,Female,rahul.verma53@gmail.com,7362190759,Hyderabad,Telangana,16-09-2023
CUST_2236,Suresh Kumar,Male,suresh.kumar66@gmail.com,8887302134,Surat,Gujarat,26-09-2023
CUST_2237,Aditya Mishra,Male,aditya.mishra57@gmail.com,8215018596,Kanpur,Uttar Pradesh,18-07-2023
CUST_2238,Simran Chowdhury,Male,simran.chowdhury92@gmail.com,8437307922,Kochi,Kerala,02-03-2023
CUST_2239,Karan Patel,Female,karan.patel42@gmail.com,9819921159,  Jaipur   ,Rajasthan,05-08-2024
CUST_2240,TANVI MISHRA,Male,tanvi.mishra20@gmail.com,9502847072,Lucknow,Uttar Pradesh,12-06-2023
CUST_2241,Rahul Das,Female,rahul.das99@gmail.com,9843848765,Kochi,Kerala,20-07-2023
CUST_2242,Rahul Mishra,Male,rahul.mishra81@gmail.com,8617825217,Jaipur,Rajasthan,26-11-2023
CUST_2243,Nisha Chowdhury,Male,nisha.chowdhury99@gmail.com,9943832499,Chandigarh,Punjab,04-12-2024
CUST_2244,Aditya Gupta,Female,aditya.gupta56@gmail.com,7078299484,Visakhapatnam,Andhra Pradesh,07-05-2023
CUST_2245,Neha Kumar,Male,neha.kumar72@gmail.com,7824656109,Lucknow,Uttar Pradesh,26-04-2023
CUST_2246,Rahul Singh,Male,,9180510624,Jaipur,Rajasthan,30-01-2024
CUST_2247,ISHITA DESHMUKH,Male,ishita.deshmukh53@gmail.com,9654424863,Chandigarh,Punjab,03-09-2023
CUST_2248,  Meera Mehta   ,Male,,9975749275,Chennai,Tamil Nadu,30-01-2024
CUST_2249,Meera Kumar,Female,meera.kumar62@gmail.com,8564653966,Delhi,Delhi,13-12-2023
CUST_2250,Riya Joshi,Female,riya.joshi46@gmail.com,8928130835,Vadodara,Gujarat,30-04-2023
CUST_2251,Ishita Joshi,Female,ishita.joshi34@gmail.com,8579864786,Bhopal,Madhya Pradesh,14-12-2023
CUST_2252,rajesh agarwal,Female,rajesh.agarwal58@gmail.com,9159967706,Jaipur,Rajasthan,28-09-2023
CUST_2253,Simran Kumar,Male,simran.kumar27@gmail.com,8073755541,vadodara,Gujarat,27-01-2023
CUST_2254,Suresh Bhat,Female,,9215813850,Pimpri-Chinchwad,Maharashtra,03-11-2024
CUST_2255,Priya Reddy,Male,priya.reddy44@gmail.com,8929811245,Chennai,Tamil Nadu,04-08-2024
CUST_2256,Aditya Singh,Female,aditya.singh38@gmail.com,8937579867,Bengaluru,Karnataka,28-03-2024
CUST_2257,Kavya Sharma,Female,kavya.sharma60@gmail.com,9156104045,  Delhi   ,Delhi,07-11-2023
CUST_2258,sneha mehta,Male,sneha.mehta38@gmail.com,7121064491,Kanpur,Uttar Pradesh,13-06-2023
CUST_2259,Tanvi Patel,Female,tanvi.patel27@gmail.com,7164510880,Ahmedabad,Gujarat,27-05-2023
CUST_2260,Tanvi Bhat,Male,tanvi.bhat70@gmail.com,8926728578,Coimbatore,Tamil Nadu,11-12-2023
CUST_2261,AARAV GUPTA,Male,aarav.gupta37@gmail.com,7642181790,Pune,Maharashtra,10-08-2023
CUST_2262,Riya Mishra,Female,riya.mishra46@gmail.com,8020656932,Hyderabad,Telangana,06-04-2023
CUST_2263,Priya Verma,Male,priya.verma91@gmail.com,9674950925,Indore,Madhya Pradesh,23-08-2023
CUST_2264,Rohan Patel,Female,rohan.patel78@gmail.com,7070589193,Vadodara,Gujarat,20-11-2023
CUST_2265,Aditya Kulkarni,Male,aditya.kulkarni28@gmail.com,8251003569,Coimbatore,Tamil Nadu,08-08-2023
CUST_2266,AARAV MISHRA,Female,aarav.mishra83@gmail.com,8789144132,Surat,Gujarat,06-04-2023
CUST_2267,Divya Gupta,Female,divya.gupta77@gmail.com,9336814139,Bengaluru,Karnataka,17-09-2023
CUST_2268,Nisha Deshmukh,Male,nisha.deshmukh70@gmail.com,7186978846,Nagpur,Maharashtra,22-11-2023
CUST_2269,Siddharth Das,Female,siddharth.das12@gmail.com,8533706407,Guwahati,Assam,02-08-2024
CUST_2270,Rohan Das,Male,rohan.das94@gmail.com,9698343021,Guwahati,Assam,23-02-2023
CUST_2271,Gaurav Kulkarni,Female,,8513112781,Ahmedabad,Gujarat,10-07-2023
CUST_2272,Karan Kumar,Female,karan.kumar71@gmail.com,9713284725,Coimbatore,Tamil Nadu,04-04-2023
CUST_2273,Nisha Singh,Male,,7158844088,Coimbatore,Tamil Nadu,31-05-2023
CUST_2274,VIKRAM VERMA,Male,vikram.verma50@gmail.com,8331765692,Delhi,Delhi,21-09-2023
CUST_2275,Siddharth Pillai,Female,siddharth.pillai14@gmail.com,9778416420,Pune,Maharashtra,04-08-2023
CUST_2276,Neha Das,Male,,8173456318,Kochi,Kerala,03-05-2023
CUST_2277,Nisha Das,Female,nisha.das66@gmail.com,8660626556,Nagpur,Maharashtra,23-06-2023
CUST_2278,Pooja Bhat,Female,pooja.bhat76@gmail.com,8145556560,Kanpur,Uttar Pradesh,15-02-2024
CUST_2279,Rohan Shah,Male,rohan.shah87@gmail.com,7775054604,Indore,Madhya Pradesh,10-07-2023
CUST_2280,Neha Chowdhury,Male,neha.chowdhury51@gmail.com,9838626361,Bengaluru,Karnataka,06-01-2023
CUST_2281,Neha Agarwal,Female,neha.agarwal98@gmail.com,8906571895,Chennai,Tamil Nadu,29-06-2023
CUST_2282,Arjun Verma,Female,arjun.verma65@gmail.com,8179206203,vadodara,Gujarat,24-11-2023
CUST_2283,Nisha Verma,Male,nisha.verma91@gmail.com,8744659561,Chandigarh,Punjab,07-06-2023
CUST_2284,aditya kumar,Male,aditya.kumar87@gmail.com,9912369420,Ahmedabad,Gujarat,02-05-2024
CUST_2285,Arjun Verma,Male,arjun.verma40@gmail.com,9770953380,Bengaluru,Karnataka,07-07-2023
CUST_2286,  Kavya Mehta   ,Male,kavya.mehta29@gmail.com,9916549230,Vadodara,Gujarat,19-08-2023
CUST_2287,Kavya Das,Female,kavya.das83@gmail.com,7591395879,Bengaluru,Karnataka,29-09-2023
CUST_2288,KAVYA MEHTA,Female,kavya.mehta45@gmail.com,8072073793,Kochi,Kerala,05-06-2024
CUST_2289,Priya Sharma,Male,priya.sharma76@gmail.com,8662098031,Bhopal,Madhya Pradesh,04-12-2024
CUST_2290,Ishita Patel,Female,ishita.patel67@gmail.com,7921572837,Pune,Maharashtra,11-10-2023
CUST_2291,NEHA BHAT,Male,neha.bhat27@gmail.com,7318051007,Hyderabad,Telangana,20-08-2023
CUST_2292,Pooja Agarwal,Male,pooja.agarwal50@gmail.com,9868349964,Chandigarh,Punjab,27-06-2023
CUST_2293,Varun Gupta,Female,varun.gupta30@gmail.com,9738900653,Jaipur,Rajasthan,31-03-2023
CUST_2294,Nisha Das,Male,,7596471529,Hyderabad,Telangana,02-05-2023
CUST_2295,nisha bhat,Male,nisha.bhat80@gmail.com,9457912655,Kanpur,Uttar Pradesh,07-08-2023
CUST_2296,Arjun Pillai,Male,arjun.pillai21@gmail.com,7282385886,Vadodara,Gujarat,06-08-2023
CUST_2297,SIDDHARTH BHAT,Female,siddharth.bhat83@gmail.com,7316756811,Indore,Madhya Pradesh,03-06-2023
CUST_2298,Karan Gupta,Female,karan.gupta97@gmail.com,9222044245,Thane,Maharashtra,26-06-2023
CUST_2299,rahul pillai,Male,rahul.pillai65@gmail.com,9159783415,AHMEDABAD,Gujarat,04-11-2024
CUST_2300,Shreya Verma,Male,shreya.verma29@gmail.com,8306204891,Visakhapatnam,Andhra Pradesh,26-03-2023
